{
  "models": {
    "Random Forest": {
      "test_r2": 0.9391757619861593,
      "test_mae": 2930005.948339273,
      "training_time": 0.22323393821716309
    },
    "XGBoost": {
      "test_r2": 0.9374866155275539,
      "test_mae": 2974442.0238218927,
      "training_time": 0.2041029930114746
    }
  },
  "timestamp": "2025-10-13T18:13:11.170758"
}