{
  "models": {
    "Random Forest": {
      "test_r2": 0.9372854308835685,
      "test_mae": 2990674.2452304675,
      "training_time": 0.2177889347076416
    },
    "XGBoost": {
      "test_r2": 0.9376220474993665,
      "test_mae": 3014026.7850778215,
      "training_time": 0.1554861068725586
    }
  }
}